time,v,w
0.012,0.0,0.0
0.196,0.008333333333333333,0.06946875
0.252,0.029333333333333336,0.07357060018295217
0.36,0.051333333333333335,0.05985037401004866
0.448,0.07833333333333334,0.029316533484028934
0.556,0.10233333333333333,-0.0004324405473013287
0.652,0.1199985579325525,-2.1030150275977873e-05
0.752,0.11999995194196193,-7.008463885132091e-07
0.848,0.11896214098652126,-0.015135443946564903
0.944,0.11897103036622567,-0.01500580715920897
1.052,0.11997941845113563,0.00030014758760516674
1.144,0.11999899909231862,1.4596570353312694e-05
1.252,0.11999996664396,4.864422499388203e-07
1.344,0.11999999791304,3.043483318001104e-08
1.444,0.11999999992111282,1.1504380148152953e-09
1.544,0.1199999999961636,5.5947307637423714e-11
1.648,0.11999999999985497,2.1148106563281974e-12
1.752,0.11999999999999517,7.047773750670206e-14
1.848,0.11999999999999979,3.0217329955998508e-15
1.952,0.11895399910714284,0.015254179687500131
2.052,0.11897058095374921,0.015012361091157124
2.152,0.11998260687732229,-0.00025364970571663834
2.252,0.11999934253920806,-9.587969882311916e-06
2.356,0.11895402729577431,0.015253768603291296
2.452,0.11897068249173488,0.015010880328866114
2.544,0.11999075622008752,-0.0001348051237235248
2.652,0.11999969194372447,-4.492487351487345e-06
2.756,0.11895084361493086,0.015300197282258425
2.836,0.11794329057290572,0.029993679145124887
2.948,0.1199534612050958,-0.0006786907590194719
3.048,0.1199977367574419,-3.300562063887926e-05
3.132,0.11999985839755961,-2.065035589061925e-06
3.236,0.11789633751136537,0.03067841129258822
3.352,0.11794149034309423,0.030019932496542574
3.436,0.11999183035142637,-0.00011914070836543749
3.56,0.11999981342719757,-2.720853368832091e-06
3.656,0.1179154923183989,0.03039907035668264
3.756,0.1179416838760085,0.030017110141542767
3.9,0.117942806839041,0.030000733597318644
3.948,0.11998143290677257,-0.0002707701095667301
4.052,0.11999929816307034,-1.0235121890724157e-05
4.16,0.11789635618162275,0.030678139018001344
4.248,0.11794029212889875,0.030037406453559665
4.368,0.11794279070027115,0.03000096895437904
4.456,0.11794285347785419,0.03000005344795981
4.556,0.11794285694069392,0.030000002948213526
4.652,0.1179428571341894,0.030000000126404653
4.744,0.11794285714237901,0.030000000006972536
4.84,0.11794285714283664,0.030000000000298947
4.944,0.11794285714285636,0.0300000000000113
5.048,0.1179428571428571,0.030000000000000547
5.152,0.11794285714285714,0.030000000000000016
5.244,0.11794285714285714,0.03
5.38,0.11794285714285714,0.03
5.444,0.11794285714285714,0.03
5.548,0.11794285714285714,0.03
5.648,0.11584452108363769,0.06060073419695049
5.748,0.11588371100633767,0.06002921449090893
5.836,0.1158856037839219,0.060001611484472125
5.944,0.11588571060315467,0.06000005370399439
6.04,0.11797023086150744,0.02960079993634954
6.148,0.11794376939367819,0.02998669634219289
6.244,0.11585838475192867,0.06039855570104022
6.344,0.11588454253195322,0.060017088075682096
6.452,0.11798934244374151,0.02932208936210304
6.544,0.11794542129298355,0.029962606143989715
6.648,0.11585096529507952,0.06050675611342356
6.74,0.11588402439678146,0.06002464421360364
6.836,0.11796133379583132,0.029730548810793112
6.94,0.11794347289192877,0.029991020326038658
7.04,0.1158508817573843,0.0605079743714789
7.14,0.11588422084106213,0.06002177940117716
7.24,0.11588565025427482,0.06000093379182547
7.348,0.11798937935946385,0.02932155100781877
7.444,0.1179451195791909,0.029967006136799156
7.54,0.11585845041321878,0.06039759814055941
7.632,0.11588421039823209,0.06002193169244866
7.744,0.11588567009978701,0.06000064437810614
7.84,0.11588571239124265,0.0600000276277113
7.944,0.1158857142044888,0.06000000118453812
8.04,0.11588571428176418,0.06000000005760564
8.148,0.11588571428558264,0.06000000000191975
8.252,0.11588571428570989,0.060000000000063974
8.328,0.11588571428571388,0.06000000000000584
8.444,0.11588571428571427,0.060000000000000164
8.528,0.11588571428571429,0.06000000000000001
8.628,0.11483971339285713,0.07525417968749999
8.74,0.11485656200646237,0.07500847073909031
8.84,0.11381111706031279,0.09025454287043849
8.936,0.11382782307253234,0.09001091352557006
9.044,0.11382854314068068,0.0900004125317401
9.144,0.1138285702157281,0.09000001768729836
9.24,0.11382857136958927,0.09000000086015648
9.34,0.11277940339673216,0.10530036713098918
9.444,0.11175673998276282,0.12021420858470869
9.54,0.11177079879818952,0.12000918419306938
9.644,0.1117714047659728,0.12000034716289654
9.748,0.11177142767158131,0.12000001312277254
9.848,0.1117714285328476,0.12000000056263888
9.94,0.11177142856930042,0.1200000000310354
10.052,0.11071959496753368,0.13533924005680043
10.14,0.10970371762821696,0.1501541179218358
10.3,0.10971388624017374,0.15000582566413279
10.348,0.10971427061414694,0.150000220210357
10.44,0.10971428488135525,0.15000001214690245
10.544,0.10866511765319117,0.1653003675576287
10.64,0.10868471264449482,0.16501460726778372
10.74,0.10763967044748986,0.18025480597410623
10.856,0.10765662949784473,0.18000748648976422
10.944,0.10765711454001284,0.18000041295814612
11.036,0.1076571412951572,0.18000002277895724
11.14,0.10765714279809972,0.18000000086104556
11.3,0.1065954722976865,0.19548269565873855
11.408,0.10662732027998775,0.1950182459168452
11.46,0.10572215592181494,0.20821855947353202
11.608,0.10560101827435797,0.20998515016561278
11.668,0.10560022455503197,0.2099967252391172
11.828,0.10560000212317068,0.20999996903709423
11.872,0.10659118640398534,0.19554519827521366
11.992,0.10662623239040842,0.19503411097321058
12.1,0.10662854634373582,0.1950003658205193
12.208,0.10558256946020195,0.21025419537205478
12.272,0.10559795256724328,0.21002985839436886
12.368,0.10663774342526301,0.19486624171491435
12.5,0.10662869797838519,0.19499815448188268
12.556,0.10662859312038307,0.19499968366108006
12.7,0.10662857169243631,0.1949999961519703
12.768,0.10763066466341296,0.18038614032522754
12.856,0.10765548621771817,0.1800241593249432
12.952,0.10765705147616629,0.1800013326392414
13.06,0.10765714017226566,0.1800000391544589
13.168,0.10765714272657376,0.1800000019041326
13.248,0.1076571428499406,0.1800000001050328
13.36,0.10765714285693125,0.180000000003086
13.452,0.10765714285713118,0.18000000000017022
13.548,0.10869940123458272,0.16480039866233526
13.648,0.10973230200650416,0.1497372624051476
13.828,0.10971516187017612,0.1499872227265982
13.864,0.10971430840970338,0.1499996690251591
13.952,0.10971428696617516,0.14999998174327875
14.052,0.10971428576796047,0.14999999921724308
14.208,0.109714285716587,0.14999999996643928
14.252,0.11076028660724152,0.1347458203110611
14.356,0.11074351597736715,0.1349903919967289
14.448,0.11178074984704107,0.11986406473065107
14.544,0.11177182822112045,0.11999417177532666
14.652,0.11177144570640911,0.11999975011486713
14.748,0.11177142930609085,0.11999998928617493
14.844,0.11177142860715615,0.11999999947897265
14.964,0.11177142857277907,0.11999999998030514
15.064,0.11177142857146355,0.11999999999948982
15.172,0.11387509577907766,0.08932151988845075
15.252,0.11383231635789107,0.08994538644742187
15.348,0.113828731992416,0.08999765844393322
15.476,0.11382857614612008,0.08999993120241553
15.552,0.11382857172373043,0.08999999569559797
15.652,0.11382857143972845,0.08999999983729341
15.752,0.11487082980655444,0.07480039865441433
15.864,0.11485754499530713,0.07499413548510432
15.944,0.11485717139535505,0.0749995838177388
16.032,0.11588984365324773,0.05993978005680379
16.156,0.11588580858936345,0.05999862473844948
16.252,0.11588571887182426,0.05999993311922932
16.352,0.11588571448234375,0.05999999713248696
16.464,0.11588571429414476,0.05999999987705538
16.548,0.11588571428617932,0.05999999999321831
16.64,0.1158857142857369,0.05999999999967019
16.748,0.11588571428571504,0.05999999999998901
16.856,0.11588571428571431,0.05999999999999963
16.96,0.11588571428571429,0.059999999999999984
17.036,0.11588571428571429,0.06
17.208,0.11588571428571429,0.06
17.272,0.11692357064829001,0.044864594712437436
17.364,0.11796642874587786,0.029656247455947846
17.44,0.11691785276699773,0.04494798048128301
17.56,0.11586032814822328,0.06037021450507729
17.652,0.11588462585506935,0.06001587294690519
17.768,0.1179938070466507,0.02925698056967724
17.84,0.11794813345334644,0.029923053805364395
17.964,0.11582564033137982,0.06087607850071082
18.056,0.11588240057934537,0.060048324884546596
18.16,0.117989271061477,0.029323130353460406
18.268,0.11794511431251795,0.02996708294244652
18.36,0.1168969530261492,0.045252768368657395
18.444,0.11588637851684781,0.05999031329596944
18.564,0.11799755372344577,0.029202341533082335
18.656,0.11794673875062764,0.02994339322001352
18.76,0.1179429711889149,0.029998336828324212
18.86,0.11584452539458362,0.06060067132898898
18.956,0.11588371121598462,0.060029211433557605
19.052,0.1179776301898139,0.029492893065213778
19.176,0.1179443480372454,0.02997825779017104
19.26,0.1179429134987297,0.02999917814352504
19.352,0.11794285988351703,0.02999996003204306
19.468,0.11794285722338085,0.029999998825695897
19.556,0.11794285714789521,0.029999999926528277
19.652,0.11690059876566171,0.0451996013341
19.768,0.11797140276572711,0.029583709666479576
19.872,0.11794488291686994,0.029970457462313225
19.956,0.11794294399791794,0.02999873336369668
20.06,0.1179428604259822,0.02999995212109277
20.148,0.11587745932711378,0.0601203848129239
20.256,0.1179935964858961,0.02926005124734849
20.352,0.11794565594786414,0.029959184093647687
20.456,0.11794296293780784,0.029998457156968823
20.552,0.11794286228780416,0.029999924969522397
20.648,0.11794285736344674,0.02999999678306827
20.856,0.11794285715119543,0.02999999987839984
20.9,0.11794285714317233,0.02999999999540351
20.952,0.11794285714287453,0.02999999999974645
21.056,0.1179428571428578,0.029999999999990416
21.164,0.11794285714285717,0.02999999999999968
21.256,0.11794285714285714,0.029999999999999978
21.356,0.11794285714285714,0.03
21.46,0.11794285714285714,0.03
21.556,0.11794285714285714,0.03
21.656,0.11794285714285714,0.03
21.748,0.11794285714285714,0.03
21.848,0.11794285714285714,0.03
21.948,0.11794285714285714,0.03
22.052,0.11794285714285714,0.03
22.152,0.11794285714285714,0.03
22.248,0.11898511552029757,0.014800398662326974
22.36,0.1189718307095769,0.014994135485336804
22.452,0.11793359439097416,0.030135081798293287
22.556,0.11794250701043403,0.030005106097836878
22.656,0.1179428421309295,0.030000218923944756
22.756,0.11794285649922075,0.03000000938636413
22.852,0.11794285711155626,0.030000000456471183
22.964,0.11794285714193747,0.030000000013411642
23.048,0.11794285714279187,0.030000000000951772
23.156,0.11899469074667893,0.014660759944265593
23.26,0.11792313985305268,0.030287543809648373
23.348,0.1179416235073618,0.030017990517640467
23.452,0.11794281051138189,0.030000680042347443
23.6,0.11794285487510742,0.030000033071350154
23.644,0.11794285704562738,0.030000001417934137
23.844,0.1179428571386884,0.030000000060793924
24.1,0.11794285714267841,0.03000000000260654
24.1,0.11794285714285707,0.03000000000000099
24.1,0.11794285714285707,0.03000000000000096
24.144,0.11794285714285711,0.03000000000000027
24.24,0.11794285714285714,0.030000000000000013
24.336,0.11794285714285714,0.03
24.46,0.11794285714285714,0.03
24.544,0.11794285714285714,0.03
24.632,0.11794285714285714,0.03
24.752,0.11794285714285714,0.03
24.844,0.11794285714285714,0.03
24.944,0.11794285714285714,0.03
25.044,0.11794285714285714,0.03
25.14,0.11794285714285714,0.03
25.252,0.11794285714285714,0.03
25.352,0.11794285714285714,0.03
25.452,0.11794285714285714,0.03
25.544,0.11794285714285714,0.03
25.648,0.11794285714285714,0.03
25.748,0.11794285714285714,0.03
25.836,0.115889502817559,0.05994475057726452
25.944,0.11798950774918188,0.029319678657764046
26.044,0.11794485728760332,0.029970831222451633
26.152,0.11794292379926251,0.029999027927421634
26.248,0.11794286131329376,0.029999939181132466
26.356,0.11583103501899976,0.06079740597292002
26.444,0.11794769123404797,0.029929502836800317
26.548,0.11794303987171391,0.02999733520417208
26.648,0.11794286405001585,0.029999899270602075
26.756,0.11584452134472857,0.06060073038937488
26.852,0.11588344206454272,0.060033136558752004
26.948,0.11797761864994583,0.02949306135495649
27.044,0.11794454764048151,0.029975346909644582
27.156,0.11794292962294278,0.02999894299875101
27.26,0.11794285927240461,0.02999996894409929
27.348,0.11587745925493884,0.06012038586547515
27.46,0.11588536035126978,0.06000516154398225
27.544,0.11798403696619639,0.029399460909636
27.684,0.11794379757927553,0.029986285302231706
27.748,0.11693141744776571,0.044750162220083316
27.836,0.11587737434584218,0.060121624123134876
27.956,0.11588552382391656,0.06000277756788341
28.032,0.11792503198811381,0.030259950173340072
28.148,0.11689042950165529,0.04534790310086033
28.248,0.11586165708331043,0.06035083420172279
28.352,0.11588468283316121,0.060015042016398866
28.444,0.11588565739032705,0.0600008297243971
28.556,0.115885712614063,0.060000024378247904
28.648,0.11588571419350524,0.06000000134471512
28.756,0.11588571428222878,0.06000000005083029
28.872,0.11588571428563468,0.06000000000116082
28.94,0.11588571428570493,0.06000000000013635
29.072,0.11588571428571409,0.060000000000002746
29.148,0.11588571428571427,0.06000000000000019
29.3,0.11692797266315472,0.04480039866232698
29.34,0.1179572097059784,0.02979069178781498
29.444,0.11583966824572518,0.06067150474984101
29.544,0.11588347500647317,0.06003265615559946
29.648,0.1158856296408618,0.06000123440409866
29.752,0.11483970976370908,0.07525423261257572
29.856,0.11380472828169419,0.09034771255862642
29.952,0.1117428951502254,0.12041611239254624
30.04,0.10969414192991662,0.15029376352204926
30.156,0.10760556912668694,0.18075211690248208
30.248,0.10557011800419265,0.21043577910552358
30.352,0.10351403004452012,0.2404203951840816
30.444,0.10354145524330394,0.2400204443684842
30.54,0.10145827221176462,0.27040019691176587
30.652,0.10148500344265932,0.27001036646121823
30.756,0.10043968291546115,0.2852546241495247
30.856,0.0994103933692861,0.30026509669791085
30.956,0.09942779204427957,0.30001136602092293
31.06,0.1004777099974211,0.2847000625376088
31.164,0.10150708832554754,0.26968829525243165
31.272,0.10148642659249424,0.2699896121927923
31.372,0.10148574482586746,0.269999554622766
31.5,0.1014857147636623,0.2699999930299247
31.608,0.10251841332619563,0.25493980565964697
31.7,0.1035684693583596,0.23962648852392238
31.808,0.10354395526659681,0.23998398569546317
31.9,0.10354290422491248,0.23999931338669298
32.008,0.10354285916150026,0.23999997056145445
32.096,0.10354285726915592,0.23999999815814266
32.196,0.1035428571482722,0.23999999992103035
32.3,0.10459691951315053,0.22462825709988804
32.376,0.10557616159007621,0.21034764347805524
32.48,0.10559897792817452,0.2100149052141216
32.58,0.10559996136564065,0.21000056341774054
32.676,0.10663785423148704,0.19486462579081368
32.768,0.1066290228634369,0.19499341657487845
32.872,0.10767775652243866,0.1796993840477695
32.948,0.10765902490369418,0.17997255348779323
33.052,0.10765721399858416,0.17999896252064765
33.16,0.10765714554629242,0.17999996078323546
33.252,0.10765714298791972,0.17999999809283734
33.352,0.10974914464846419,0.14949164054323041
33.456,0.10971560338351023,0.14998078399047568
33.548,0.1097143583975134,0.1499989400362628
33.66,0.10971428784980172,0.14999996885705802
33.756,0.10971428583208173,0.1499999982821413
33.844,0.11075654409745472,0.13480039857878526
33.952,0.1107434439710355,0.1349914420890654
34.052,0.11179204735459748,0.11969930941212009
34.16,0.11177211570868292,0.11998997924837387
34.264,0.11177146198781335,0.11999951267772208
34.36,0.11177143000415606,0.11999997910605734
34.46,0.11177142863285676,0.11999999910417221
34.564,0.11177142857347572,0.11999999997014582
34.652,0.11279810573422291,0.1050276247092491
34.756,0.11385177047591896,0.08966168055951512
34.852,0.11382969962863274,0.08998354708243922
34.952,0.11382861980014905,0.08999929458115959
35.052,0.11382857350250282,0.08999996975516722
35.152,0.11382857151749123,0.0899999987032528
35.252,0.11382857143238385,0.08999999994440197
35.36,0.11382857142869847,0.08999999999814715
35.464,0.11487457232143401,0.07474582031242057
35.548,0.1158909323627142,0.05992390304375135
35.656,0.11588588818225674,0.059997464008755816
35.756,0.11588572174152854,0.059999891269375404
35.856,0.1158857146483003,0.05999999471228729
35.952,0.11588571430126016,0.05999999977328932
36.052,0.11588571428638081,0.05999999999027978
36.152,0.1158857142857467,0.05999999999952729
36.256,0.11588571428571523,0.059999999999986106
36.352,0.11588571428571434,0.05999999999999923
36.452,0.11588571428571429,0.05999999999999996
36.548,0.11588571428571429,0.06
36.656,0.11588571428571429,0.06
36.756,0.11588571428571429,0.06
36.852,0.11797771607142857,0.029491640624999996
36.952,0.11794417481186972,0.02998078399356656
37.056,0.11794292122282726,0.02999906550043579
37.156,0.11794285956508278,0.02999996467587592
37.256,0.11794285724671007,0.02999999848547818
37.364,0.11794285714631812,0.02999999994952736
37.468,0.11794285714313574,0.029999999995937256
37.556,0.11688694602692141,0.045398703774062535
37.644,0.11793175155123155,0.030161956544539886
37.784,0.11794270391443816,0.03000223458111007
37.88,0.11794284480889454,0.03000017987028782
37.96,0.11794285654304039,0.03000000874732771
38.048,0.11794285711368727,0.030000000425394004
38.152,0.11794285714175451,0.03000000001607991
38.252,0.11794285714280352,0.030000000000781984
38.348,0.11794285714285484,0.030000000000033528
38.452,0.11794285714285704,0.030000000000001265
38.56,0.11584452108363769,0.060600734196950536
38.664,0.11588434148967965,0.060020019942171786
38.764,0.11797765721279858,0.029492498980020612
38.852,0.11794503445028356,0.029968247600031243
38.948,0.11794296302816938,0.029998455839196546
39.052,0.11794286114532654,0.029999941630654624
39.148,0.11794285733750247,0.029999997161422272
39.26,0.11583918994169592,0.0606784800169344
39.348,0.11588314798195101,0.06003742526321434
39.448,0.11797760604115472,0.029493245233160312
39.556,0.11794401517737221,0.02998311199665524
39.66,0.11794290091661205,0.02999936163274077
39.756,0.11794285927163217,0.029999968955363974
39.9,0.11794285722332493,0.02999999882651141
39.96,0.1179428571463072,0.029999999949686676
40.056,0.11794285714302491,0.029999999997553196
40.16,0.11584452108364401,0.060600734196858
40.288,0.11800427312132244,0.029104350314047643
40.352,0.11795103975602565,0.02988067022462593
40.452,0.11794320797239673,0.029994883735880835
40.62,0.11794287218467366,0.02999978064017589
40.644,0.11794285797257051,0.029999987900013333
40.74,0.1179428571784311,0.029999999481213072
40.852,0.11794285714420184,0.02999999998038983
40.948,0.11794285714291479,0.029999999999159213
41.06,0.11899691951299313,0.014628257102183583
41.152,0.1199893089741819,-0.00015591079318040524
41.252,0.11790845659201767,0.030501674699742392
41.352,0.1179413822192399,0.030021509302751454
41.456,0.11996520430877866,-0.0005074371636445314
41.544,0.11999808065400573,-2.799046241618914e-05
41.648,0.11999992744863813,-1.058040693878089e-06
41.752,0.11790166668322516,0.030600694202966353
41.844,0.11794058505855816,0.03003313456269342
41.952,0.11995889268280849,-0.0005994817090429262
42.052,0.11999844614162646,-2.266043461419013e-05
42.144,0.1199999142884725,-1.2499597759996185e-06
42.248,0.11999999632511825,-5.359202539598364e-08
42.348,0.11999999986108931,-2.0257808854027023e-09
42.444,0.11999999999324458,-9.85163780595637e-11
42.556,0.11999999999980152,-2.8945234056579582e-12
42.648,0.11999999999998905,-1.5966321429229045e-13
42.744,0.11895774162255902,-0.015199601337680791
42.856,0.11791696406314593,-0.030377607412455137
42.944,0.11794123711178126,-0.03002362545319008
43.052,0.11794280315404042,-0.03000078733691048
43.136,0.11998218583050767,-0.0002597899717630002
43.244,0.11789135185913993,-0.030751118720875995
43.348,0.11794064885381776,-0.03003220421515756
43.444,0.11794276246246457,-0.03000138075572488
43.54,0.1179428530834353,-0.030000059199901705
43.644,0.11585085518309514,-0.060508361913195786
43.748,0.1158842197016895,-0.06002179601702827
43.844,0.11588565020542423,-0.06000093450423009
43.948,0.1148365438338668,-0.07530040242277569
44.048,0.11485625967401988,-0.07501287975387651
44.152,0.11380794144317276,-0.09030085395373064
44.248,0.11382743346928835,-0.09001659523954487
44.352,0.11173019235444168,-0.12060136149772538
44.448,0.11072365967576811,-0.135279963061715
44.544,0.11074192354488553,-0.13501361497041925
44.644,0.10969681622198696,-0.15025476342935673
44.74,0.10971343614999166,-0.15001238947928827
44.856,0.109714266312522,-0.15000028294238738
44.948,0.1086815854898135,-0.16506021160688633
45.044,0.1076432551195208,-0.18020252950698804
45.144,0.10661054652753517,-0.19526286314011213
45.26,0.10557219340638294,-0.21040551282358205
45.34,0.10457809522038716,-0.2249027780360204
45.44,0.10352571351114552,-0.24025001129579437
45.556,0.10354241306448458,-0.24000647614293302
45.652,0.10250057716930375,-0.25519991628098704
45.764,0.10146199526235956,-0.2703459024239231
45.84,0.09944447201411624,-0.2997681164608048
45.948,0.09942910132815883,-0.29999227229768366
46.052,0.0983794234291891,-0.31530007499099233
46.152,0.09735674095696745,-0.330214194377558
46.244,0.09632845591605735,-0.3452100178908302
46.352,0.09529054360676163,-0.3603462390680594
46.452,0.09427087272705621,-0.3752164393970968
46.544,0.0932427341438351,-0.3902101270690712
46.656,0.09325671951273316,-0.39000617377264135
46.776,0.09114227394001691,-0.42084183837475336
46.876,0.09015152410232108,-0.4352902735078175
46.976,0.08912457427445844,-0.4502666251641476
47.092,0.08914231997135788,-0.4500078337510306
47.176,0.08811614185919496,-0.46497293122007344
47.28,0.08811435587664382,-0.4649989767989442
47.36,0.08811429069344073,-0.46499992738732243
47.448,0.08914698503639039,-0.4499398015526401
47.556,0.08914299470817345,-0.44999799383913697
47.648,0.0881050083684462,-0.46513529462682607
47.74,0.08811377397171216,-0.46500746291253103
47.856,0.08916833304884028,-0.4496284763710793
47.952,0.09019298816281847,-0.4346855892922306
48.044,0.09120547648327378,-0.41992013461892397
48.148,0.09120020701130538,-0.41999698108512984
48.252,0.09120000782503632,-0.4199998858848869
48.348,0.09120000038054175,-0.41999999445043257
48.44,0.09327571274614228,-0.38972918911875826
48.544,0.0932578447997528,-0.38998976333693824
48.644,0.09430633742021369,-0.37469924595521686
48.752,0.09533566187070296,-0.3596882643855818
48.848,0.09531546483269814,-0.3599828045231522
48.944,0.09531433626898764,-0.3599992627439302
49.052,0.09531428739906113,-0.35999997543035844
49.148,0.0963521421697944,-0.3448645933571649
49.244,0.09738556706332013,-0.3297938136599146
49.344,0.09737196300703556,-0.3299922061473981
49.448,0.0973714487731177,-0.3299997053920335
49.54,0.09737142968576283,-0.32999998374929196
49.64,0.09946343040491994,-0.29949163992825084
49.748,0.09942973313152459,-0.29998305849859963
49.86,0.099428610143241,-0.29999943541106855
49.948,0.09942857356409003,-0.29999996885702035
50.04,0.1004664279089433,-0.28486459299457667
50.132,0.10149985277881497,-0.2697938136422815
50.252,0.10148608052077532,-0.2699946590720264
50.34,0.10045303818906492,-0.2850598597428031
50.452,0.1004570060658332,-0.2850019948732657
50.556,0.10150630571603515,-0.26969970830782075
50.644,0.1014868501182819,-0.26998343577505546
50.74,0.1014857695227399,-0.2699991944600432
50.848,0.1025397782787753,-0.2546282334345268
50.948,0.10355778382853038,-0.2397823191672651
51.048,0.10354349712450538,-0.2399906669342965
51.16,0.10354287847075166,-0.23999968896820487
51.272,0.10354285769532215,-0.23999999194321855
51.368,0.10458511554716467,-0.22480039827051512
51.464,0.10561435256442783,-0.20979069176876064
51.556,0.10560079169391595,-0.20998845446372547
51.672,0.10560002050756523,-0.20999970093134027
51.776,0.10560000077518686,-0.20999998869519168
51.88,0.10560000002930209,-0.20999999957267776
51.988,0.10770366720862444,-0.1793215198742269
52.068,0.10868055430325317,-0.16507524974422463
52.172,0.10868551923815335,-0.1650028444435969
52.268,0.1086857048002959,-0.1650001383290181
52.36,0.10764345544698553,-0.18019960806479438
52.464,0.10974855779514664,-0.14950019882077809
52.568,0.10971558120042936,-0.14998110749373833
52.664,0.10971434871547385,-0.1499990812326729
52.76,0.10971428877811602,-0.14999995531914137
52.852,0.11075214224586369,-0.13486459224782119
52.968,0.11074309765860675,-0.1349964924786516
53.044,0.11175440465996485,-0.12024826537551263
53.148,0.11177069867122456,-0.1200106443779751
53.248,0.1117714009811692,-0.12000040235794933
53.352,0.11177142752851557,-0.12000001520914794
53.448,0.11177142852071034,-0.12000000073964077
53.536,0.1128041275788333,-0.10493980614201438
53.648,0.11385418364310206,-0.0896264885380949
53.748,0.11382966955226943,-0.08998398569607083
53.848,0.11278261761776784,-0.10525349307421904
53.944,0.11384141304942302,-0.08981272636258082
54.044,0.11382912201306544,-0.08999197064279565
54.14,0.11382859820421659,-0.08999960952184136
54.248,0.11488263458540467,-0.07462824562951519
54.352,0.11485823581499208,-0.07498406103136546
54.436,0.11588389758284312,-0.0600264935835378
54.544,0.11588565374265446,-0.060000882919622425
54.652,0.11588571226806894,-0.06000002942399462
54.748,0.11588571418759355,-0.060000001430927395
54.848,0.11588571428094255,-0.06000000006958787
54.944,0.1158857142855339,-0.06000000000263042
55.044,0.1158857142857055,-0.060000000000127916
55.144,0.11588571428571386,-0.060000000000006215
55.244,0.11588571428571426,-0.06000000000000027
55.352,0.1179893814933622,-0.02932151988846776
55.44,0.11794542344697821,-0.02996257473156759
55.548,0.1179429426669714,-0.02999875277333372
55.652,0.11794286080970354,-0.02999994652515668
55.752,0.11794285728146409,-0.0299999979786486
55.844,0.11794285715050276,-0.029999999888501345
55.944,0.11794285714318495,-0.029999999995219497
56.044,0.1179428571428712,-0.029999999999795034
56.144,0.11996514107142796,0.000508359375008788
56.24,0.11999830476464128,2.4722182314665092e-05
56.352,0.11999995019205414,7.263658770065248e-07
56.452,0.11999999786448431,3.114293697665475e-08
56.544,0.11999999988220399,1.7178584254925534e-09
56.648,0.11999999999554731,6.4935123023949e-11
56.74,0.11999999999975437,3.5818506225249557e-12
56.832,0.11999999999998645,1.9757649303829996e-13
56.944,0.1189459376298661,-0.015371742897785909
57.044,0.11897033564730908,-0.01501593847674257
57.14,0.11998636620146255,0.00019882622867097293
57.252,0.11894862075329385,-0.015332614014464608
57.344,0.1179244497933689,-0.03026844051337017
57.452,0.11995950259653278,0.0005905871338970838
57.556,0.11999846919639169,2.2324219287728968e-05
57.652,0.11895781606754426,-0.015198515681646216
57.744,0.11793282133700966,-0.030146355501942276
57.852,0.11899662464958402,-0.01463255719356632
57.952,0.11998508773284555,0.000217470562669042
58.04,0.1199990669964148,1.3606302284038568e-05
58.14,0.11895403910967157,-0.015253596317289573
58.244,0.1189707712490196,-0.015009585951797452
58.336,0.11999075132419573,0.00013487652214541526
58.44,0.11999965039965328,5.09833838958162e-06
58.544,0.11999998678509172,1.9271741235036925e-07
58.644,0.1199999994334108,8.262759054522082e-09
58.748,0.1199999999785829,3.1233265079385073e-10
58.84,0.11999999999881862,1.7228409643086695e-11
58.936,0.11999999999994254,8.378401287096564e-13
59.04,0.11999999999999783,3.167039322030478e-14
59.148,0.11790166394078046,0.03060073419695169
59.244,0.1179410909843181,0.030025756478694304
59.352,0.11794279828422716,0.030000858355020615
59.448,0.11794285428048487,0.030000041742929022
59.552,0.11794285702013292,0.03000000178972808
59.648,0.11794285713759534,0.03000000007673459
59.756,0.11794285714265824,0.03000000000290057
59.852,0.11585085535713432,0.06050835937512436
59.956,0.11588439661670139,0.060019216006438135
60.048,0.11588565020574415,0.06000093449956444
60.144,0.11588571027647536,0.060000058468067594
60.256,0.11482828456961497,0.07542085002644823
60.356,0.11485573944081844,0.07502046648806428
60.436,0.11383036609938836,0.08997382771725301
60.548,0.11382863123739562,0.08999912778798051
60.66,0.1138285731858228,0.08999997437341735
60.748,0.11486127054909391,0.07493980449238051
60.852,0.11380813085446798,0.09029809170567525
60.944,0.11382744391730067,0.09001644287269847
61.052,0.11382852880859647,0.09000062154130148
61.144,0.11487082773334666,0.07480042888869462
61.252,0.11380576531264033,0.09033258919066176
61.344,0.1138273134329484,0.09001834576950254
61.46,0.11488444995814887,0.07460177144366242
61.544,0.11485934091390408,0.07496794500556546
61.652,0.11485721610912264,0.0749989317419615
61.752,0.11485714562607087,0.0749999596197998
61.856,0.11380797493219873,0.09030036557210191
61.956,0.1148736892466466,0.07475869848640387
62.052,0.1148579475297388,0.07498826519130915
62.144,0.11485718724324555,0.07499935270266911
62.252,0.11485714433634484,0.07499997842830457
62.352,0.11485714292056363,0.07499999907511355
62.448,0.11485714286064116,0.07499999994898285
62.544,0.11485714285729284,0.07499999999781264
62.648,0.11485714285714851,0.07499999999991733
62.74,0.11485714285714316,0.07499999999999545
62.852,0.11485714285714285,0.07499999999999987
62.956,0.11485714285714285,0.075
63.064,0.11485714285714285,0.075
63.148,0.11485714285714285,0.075
63.256,0.11485714285714285,0.075
63.348,0.11485714285714285,0.075
63.468,0.11485714285714285,0.075
63.556,0.11485714285714285,0.075
63.656,0.11485714285714285,0.075
63.768,0.11485714285714285,0.075
63.864,0.11485714285714285,0.075
63.964,0.11485714285714285,0.075
64.076,0.11380123174119991,0.09039870377416778
64.168,0.11382686088878083,0.09002494537194612
64.26,0.1138284770744264,0.090001375997948
64.364,0.11382856786198065,0.09000005201278215
64.468,0.11382857129375414,0.09000000196608542
64.568,0.11382857142279114,0.09000000008429591
64.672,0.11382857142835293,0.09000000000318639
64.76,0.11382857142855776,0.09000000000019935
64.88,0.11382857142857111,0.09000000000000455
64.968,0.1138285714285714,0.09000000000000027
65.088,0.11171371217949329,0.1208416973823896
65.176,0.11176781747728426,0.12005266178960462
65.284,0.11177129207191322,0.12000199061793212
65.376,0.11073356467947812,0.13513551509094396
65.472,0.11074245872848976,0.13500581020952424
65.56,0.1097101332050143,0.15006055742687477
65.66,0.1097141076754507,0.15000259639967725
65.756,0.10971427705602395,0.15000012626631737
65.872,0.1097142855165543,0.15000000288358312
65.98,0.10971428570681147,0.15000000010899958
66.076,0.10971428571392222,0.15000000000530078
66.156,0.10869461919754429,0.16487013670247902
66.244,0.10868627143202726,0.16499187494960244
66.344,0.10868573817336244,0.16499965163846422
66.444,0.1086857153098972,0.16499998506399915
66.552,0.10868571431984599,0.16499999950224595
66.644,0.10764785792502128,0.1801354052601062
66.748,0.1087059599159155,0.1647047512262322
66.852,0.1086863889873509,0.16499016060113253
66.944,0.1076530574886401,0.1800595782906653
67.048,0.10765698843003618,0.18000225206197235
67.14,0.10765713433887412,0.18000012422475234
67.24,0.10765714249192208,0.18000000532613625
67.352,0.10765714284641224,0.18000000015648795
67.436,0.1076571428562791,0.18000000001259633
67.536,0.1076571428571102,0.18000000000047614
67.632,0.10765714285714127,0.18000000000002314
67.74,0.1076571428571428,0.18000000000000077
67.836,0.10765714285714285,0.18000000000000002
67.94,0.10765714285714285,0.18
68.052,0.10765714285714285,0.18
68.14,0.10765714285714285,0.18
68.252,0.10660308048700856,0.19537174289779172
68.344,0.10559427754716517,0.2100834524371744
68.44,0.1055997546498347,0.21000357802324385
68.54,0.10559998948061167,0.21000015340774655
68.648,0.10559999964943306,0.21000000511243447
68.74,0.10559999998066256,0.2100000002820042
68.84,0.10559999999905959,0.21000000001371422
68.936,0.10559999999995967,0.210000000000588
69.036,0.103501663940779,0.2406007341969727
69.136,0.10354085386348046,0.24002921449091
69.236,0.10354277125225386,0.24000125257129776
69.34,0.10354285389618861,0.2400000473472494
69.436,0.10250059860752697,0.25519960364023175
69.544,0.10146199597680529,0.2703458920049227
69.64,0.10148456083328306,0.2700168211812888
69.74,0.1014856648314413,0.2700007212081478
69.836,0.1014857118806882,0.27000003507329695
69.936,0.10148571418259879,0.27000000150376763
70.036,0.09939371249557892,0.30050835943947407
70.14,0.09942725375939172,0.30001921600887055
70.24,0.09942850734859317,0.30000093449968274
70.344,0.10048040289687943,0.2846607910871748
70.44,0.10045827402334394,0.28498350382623416
70.54,0.09941119046303659,0.30025347241404976
70.64,0.09942772616944986,0.30001232669552275
70.74,0.10153221046729069,0.26932193068534394
70.848,0.10148770780949937,0.26997092777813414
70.94,0.10148581123338729,0.2699985861797685
71.032,0.10148571900040662,0.2699999312440702
71.144,0.10148571444283512,0.2699999977086543
71.24,0.10148571429335526,0.2699999998885689
71.34,0.10148571428604189,0.2699999999952224
71.5,0.10253977665585819,0.25462825710206793
71.544,0.10354857959569255,0.2399165475628168
71.64,0.10354310249302245,0.23999642197675577
71.744,0.10354286531934541,0.23999988075954587
71.848,0.1045851159179309,0.22480039286350748
71.94,0.10561435258245869,0.20979069150581078
72.048,0.1056004783111604,0.20999302462891076
72.152,0.10560001808018261,0.20999973633067015
72.264,0.10560000053121636,0.20999999225309474
72.356,0.10560000002930213,0.2099999995726772
72.464,0.10560000000110761,0.20999999998384716
72.556,0.10664225837749429,0.19480039866154145
72.676,0.10768631362621499,0.17957459295103126
72.768,0.10765875192989878,0.17997653435564273
72.872,0.10765720368016285,0.17999911299762508
72.972,0.10765714546492984,0.1799999619697732
73.072,0.1086994013614034,0.16480039681286723
73.172,0.10973539968737897,0.14969208789239002
73.26,0.10971560673491856,0.1499807351157709
73.372,0.10971431993321333,0.14999950097397216
73.46,0.10971428814267253,0.14999996458602555
73.564,0.10971428580607884,0.14999999866135025
73.664,0.10971428571822135,0.14999999994260538
73.768,0.10971428571443448,0.14999999999783048
73.868,0.10971428571429294,0.1499999999998945
73.956,0.11075214207686182,0.13486459471243162
74.048,0.1107433693039973,0.1349925309833726
74.144,0.11178074175647194,0.1198641827181174
74.236,0.11177188148381671,0.11999339502767284
74.344,0.11177144366509206,0.119999779884074
74.444,0.11177142921856939,0.11999999056252968
74.54,0.11177142860289987,0.11999999954104344
74.64,0.11177142857295906,0.11999999997768034
74.74,0.11177142857148642,0.11999999999915631
74.836,0.11177142857143138,0.11999999999995896
74.936,0.11386343035714297,0.08949164062499823
75.044,0.11382973312993237,0.08998305852181933
75.148,0.11277944731132354,0.1052997267098649
75.236,0.11279871409678877,0.1050187527551636
75.34,0.11279995139280281,0.1050007088549589
75.444,0.11384599880882355,0.08974585070465636
75.54,0.11382931862749973,0.08998910334896214
75.636,0.11278634938839363,0.10519907141925935
75.748,0.11385366129961612,0.08963410604726486
75.84,0.11383014120594963,0.08997710741323461
75.944,0.11382862374264394,0.08999923708644267
76.048,0.11278257277868015,0.10525414697758123
76.14,0.112799152491399,0.10501235950043092
76.244,0.11384913599374784,0.08970010009117733
76.348,0.11382934877002743,0.08998866377043342
76.444,0.11382860475708635,0.08999951395915734
76.536,0.11382857351380928,0.08999996959028134
76.64,0.113828571517976,0.08999999869618332
76.744,0.1138285714315509,0.08999999995654928
76.848,0.11382857142868405,0.08999999999835756
76.94,0.11382857142857764,0.08999999999990939
77.04,0.11382857142857172,0.08999999999999558
77.14,0.11382857142857143,0.08999999999999983
77.248,0.11382857142857143,0.09
77.34,0.11382857142857143,0.09
77.44,0.11382857142857143,0.09
77.54,0.11487457232142857,0.0747458203125
77.636,0.1148578901454241,0.07498910204589844
77.74,0.1148571711046723,0.07499958805686209
77.844,0.11485714392490069,0.07499998442853152
77.94,0.1148571429090693,0.07499999924273909
78.04,0.1148571428593692,0.07499999996753244
78.144,0.11590631088683673,0.05969963290029748
78.244,0.11588659736498741,0.059987121760600254
78.34,0.11484349885357566,0.07519897505202161
78.444,0.11485662711321597,0.07500752126560023
78.54,0.11589497077105135,0.05986500958883434
78.648,0.11588598625179738,0.05999603382795475
78.736,0.11588573130159309,0.059999751851767445
78.84,0.11588571492891525,0.05999999061998604
78.936,0.11588571431699399,0.05999999954383763
79.048,0.11588571428663332,0.05999999998659743
79.14,0.11588571428576498,0.0599999999992607
79.252,0.11588571428571577,0.05999999999997827
79.34,0.11588571428571438,0.05999999999999864
79.44,0.11588571428571429,0.05999999999999993
79.536,0.11588571428571429,0.06
79.636,0.11588571428571429,0.06
79.736,0.11588571428571429,0.06
79.84,0.11797771607142857,0.029491640624999996
79.936,0.11794435171941964,0.029978204091796874
80.04,0.1158445775786966,0.06059991031067466
80.14,0.1158839505494009,0.06002572115457017
80.24,0.11797764045123413,0.029492743419502192
80.34,0.1179443484772038,0.029978251374111156
80.448,0.11794290684275358,0.029999275209843516
80.552,0.11794285902151538,0.029999972602900635
80.648,0.11794285723421875,0.02999999866764317
80.744,0.11585834039241931,0.060399202610551796
80.84,0.11796889981230672,0.029620211070526894
80.936,0.11794412363198618,0.029981530366868195
81.028,0.11794291873388248,0.029999101797547133
81.136,0.11794285947100057,0.029999966047908305
81.236,0.1179428572426763,0.029999998544304067
81.336,0.11794285714713688,0.029999999937587035
81.44,0.11794285714301891,0.029999999997640785
81.544,0.11794285714286326,0.02999999999991082
81.644,0.1179428571428574,0.029999999999996176
81.74,0.11794285714285715,0.02999999999999981
81.836,0.11794285714285714,0.02999999999999999
81.936,0.11794285714285714,0.03
82.036,0.11996514107142857,-0.0005083593750000001
82.144,0.11999883829863904,-1.694147818061731e-05
82.236,0.11792435135481867,0.030269876075560913
82.34,0.11794215762326629,0.03001020132736651
82.444,0.11995883323979428,-0.0006003485863333893
82.54,0.11999799800652619,-2.9195738159503666e-05
82.636,0.11895783898212464,0.015198181510682371
82.74,0.1189709148843632,0.015007491269703173
82.852,0.11897141347871747,0.01500022010203705
82.94,0.11999587336228672,-6.018013331852425e-05
83.048,0.11894830391964115,0.015337234505233055
83.144,0.11793229664264857,0.030154007294708376
83.24,0.11996559385287502,-0.0005017563122393786
83.34,0.11999852483644201,-2.1512801887263354e-05
83.444,0.1199999442387535,-8.131848448097527e-07
83.536,0.11792429035066401,0.030270765719482954
83.64,0.11899132334691633,0.01470986785747012
83.736,0.11998534554213854,-0.00021371084381293845
83.84,0.11999944606085695,-8.078279169347803e-06
83.932,0.1179243178303811,0.030270364973608962
84.04,0.11899132438565083,0.014709852709258694
84.14,0.11997865133632078,-0.0003113346786551734
84.24,0.11999896178652032,-1.5140613245222068e-05
84.336,0.11790804272768865,0.030507710221207112
84.44,0.1179413644748068,0.030021768075734253
84.54,0.11995886322084046,-0.0005999113627431908
84.64,0.11999823626059353,-2.5721199677614304e-05
84.736,0.11895782739551725,0.015198350482040098
84.836,0.11792484452815422,0.030262683964417468
84.94,0.11996591336228396,-0.0004970968000256011
85.04,0.11999853853540791,-2.1313025301097647e-05
85.144,0.11789638149681532,0.03067776983810983
85.24,0.11794059697131094,0.03003296083504871
85.336,0.11794273247077702,0.03000181813450164
85.444,0.119949021779882,-0.000743432376720764
85.54,0.11999752086237848,-3.6154090313762355e-05
85.636,0.11791560380882911,0.03039744445457528
85.744,0.11794194890394882,0.030013245150746347
85.84,0.11794281297400931,0.030000644129030824
85.948,0.11794285567089537,0.030000021466109323
86.04,0.11794285707127371,0.030000001043925015
86.14,0.11794285713937594,0.030000000050767438
86.24,0.11898885803556503,0.014745820314676653
86.34,0.11792617496684628,0.03024328173349176
86.44,0.11794214189456068,0.03001043070432346
86.54,0.11794282647658644,0.030000447216447866
86.64,0.11794285565151623,0.030000021748721673
86.736,0.1179428570789159,0.030000000932476442
86.844,0.11794285714072625,0.030000000031075513
86.944,0.11794285714276577,0.030000000001332364
87.044,0.11794285714285323,0.030000000000057123
87.14,0.11794285714285696,0.030000000000002774
87.244,0.11794285714285713,0.030000000000000103
87.34,0.11794285714285714,0.030000000000000002
87.444,0.11584452108363769,0.060600734196950494
87.54,0.11588371100633767,0.06002921449090893
87.64,0.11693162928796816,0.04474707288379772
87.74,0.11796103021286448,0.029734976062392823
87.84,0.11585163452751941,0.06049699647367509
87.936,0.11588405694243165,0.06002416958953836
88.04,0.11588564322712104,0.060001036271151456
88.14,0.11588571159969636,0.06000003917109449
88.236,0.1158857141550897,0.06000000190494163
88.336,0.11588571428011375,0.06000000008167437
88.44,0.11588571428547416,0.06000000000350179
88.532,0.1158857142857026,0.06000000000017029
88.636,0.11588571428571384,0.06000000000000644
88.736,0.11588571428571426,0.060000000000000275
88.844,0.11588571428571429,0.060000000000000005
88.936,0.11588571428571429,0.06
89.032,0.11588571428571429,0.06
89.14,0.11693171517857143,0.0447458203125
89.236,0.11586903210970982,0.06024328173339844
89.34,0.11693099993027524,0.04475625101681946
89.44,0.11691491751237537,0.04499078627785916
89.536,0.11586831190977166,0.060253784649163214
89.636,0.11588486798537655,0.06001234187992533
89.736,0.11797767978630158,0.029492169783101797
89.844,0.11689218403116358,0.045322316212197705
89.936,0.11587521021291786,0.0601531843949477
90.036,0.11588526392359313,0.060006567780933384
90.14,0.11588569726200657,0.060000248262404264
90.248,0.11693754732220972,0.04466076821777482
90.34,0.11691574110422512,0.04497877556338357
90.436,0.1158683472212722,0.06025326968978007
90.544,0.11588513551455794,0.060008440412696665
90.636,0.11588568613931481,0.06000041046832567
90.74,0.11588571307893741,0.06000001759882946
90.844,0.11588571424009807,0.060000000665236516
90.944,0.11588571428375849,0.060000000028522016
91.056,0.1158857142856568,0.06000000000083801
91.136,0.11588571428570965,0.06000000000006745
91.24,0.1158857142857141,0.06000000000000255
91.34,0.11588571428571427,0.06000000000000011
91.444,0.11588571428571429,0.060000000000000005
91.548,0.11483654625610455,0.07530036709847525
91.648,0.1138102588850162,0.09026705792684711
91.736,0.11486012469326018,0.07495651488995553
91.836,0.11381502949029876,0.09019748659980972
91.936,0.11382805954271712,0.09000746500204203
92.04,0.11382855207926391,0.09000028217740111
92.136,0.11382857048758926,0.09000001372265663
92.244,0.11382857139721245,0.09000000045731839
92.336,0.11382857142660942,0.09000000002861266
92.444,0.1117204466882452,0.12074348579642409
92.54,0.11176894925566738,0.1200361566881839
92.648,0.1117713459462702,0.1200012049502263
92.74,0.11177142401378763,0.120000066465597
92.844,0.11177142837601971,0.12000000284971248
92.94,0.1117714285630504,0.12000000012218143
93.04,0.11177142857106935,0.12000000000523853
93.136,0.10968691181653023,0.1503992026756008
93.244,0.10971325097976277,0.15001508987845968
93.344,0.10971424660127585,0.15000057039806056
93.436,0.10867202543472837,0.16519962907687788
93.536,0.1086850485789596,0.16500970822350589
93.64,0.10763652109236033,0.18030073406974503
93.744,0.10765636335353927,0.18001136776088564
93.852,0.10765711687956883,0.18000037883962108
93.944,0.10765714142420818,0.18000002089696404
94.052,0.10554901807477302,0.21074348640956003
94.16,0.10559807288101423,0.2100281038185423
94.248,0.10457318607706446,0.22497436970947648
94.356,0.1035174178388118,0.24037098985066113
94.464,0.10354200935793252,0.24001236353015068
94.568,0.10459466249357806,0.22466117196865318
94.68,0.10457220286025751,0.22498870828791137
94.78,0.10352546087620497,0.24025369555534418
94.86,0.1035414568484236,0.24002042096048914
94.96,0.1035427971052333,0.24000087554868096
95.068,0.10354285514205584,0.24000002917835214
95.16,0.10250500066991632,0.2551354068970536
95.244,0.10354030395273904,0.2400372340225555
95.348,0.10354274767483082,0.24000159640871707
95.44,0.10354285181928363,0.24000007763544706
95.552,0.10354285696544484,0.24000000258726265
95.66,0.10459691950777886,0.224628257178225
95.744,0.10457348043790031,0.22497007694728705
95.852,0.10562333055532531,0.20965976273483916
95.94,0.10560128692393614,0.20998123235926458
96.052,0.10560003781129115,0.20999944858533728
96.14,0.10560000208568784,0.20999996958371892
96.244,0.10560000008942387,0.20999999869590194
96.348,0.10560000000338021,0.20999999995070504
96.448,0.10664225837760483,0.1948003986599297
96.544,0.10767515914936837,0.17973726240504448
96.644,0.10765791530567202,0.17998873512561628
96.752,0.10765716555256051,0.179999669025159
96.864,0.10765714361348559,0.1799999889700017
96.952,0.1086898419150423,0.16493980540563305
97.052,0.10973189215067887,0.1497432394692665
97.152,0.10971504059024606,0.1499889913922448
97.26,0.10971431087112404,0.14999963312944098
97.356,0.10971428710194824,0.1499999797632548
97.46,0.1107683481251911,0.13462825650762966
97.552,0.1107444520162363,0.1349767414298872
97.652,0.1117889264159104,0.11974482310130641
97.756,0.11177208999070924,0.11999035430215689
97.86,0.11177145061374914,0.11999967854949159
97.952,0.11177142995053235,0.11999997988806975
98.06,0.11177142861738829,0.11999999932975401
98.148,0.11383682659546003,0.08987961214954104
98.248,0.1138289728881508,0.08999414538113422
98.356,0.11382858322391116,0.08999982798462883
98.456,0.11382857193429662,0.08999999262484096
98.56,0.11382857144768786,0.08999999972121867
98.656,0.11487082980694152,0.07480039864876947
98.756,0.11590373057797261,0.059737262404565984
98.86,0.1158863953023434,0.059990068507492035
98.952,0.11588575185089817,0.05999945217440168
99.064,0.11588571553760374,0.05999998174327871
99.152,0.11588571435476908,0.059999998992951026
99.252,0.11588571428867502,0.05999999995682277
99.348,0.11797023104073913,0.029600797322554183
99.448,0.11794403079872882,0.02998288418520451
99.552,0.11794290150710002,0.02999935302145805
99.66,0.11794285862133062,0.02999997843892846
99.756,0.11794285721475724,0.029999998951456847
99.852,0.11997262609876538,-0.0003992027263380808
99.952,0.11999882634398457,-1.7115816891745215e-05
100.056,0.11999995563575168,-6.469786211877084e-07
100.156,0.11999999809788285,-2.7739208383422994e-08
100.264,0.11789633285574162,0.030678479187101194
100.352,0.1179399462959532,0.030042449850682443
100.444,0.11997276766055988,-0.0003971382835016356
100.548,0.11999897061638751,-1.5011844348759129e-05
100.668,0.11999997333546315,-3.888578289320282e-07
100.756,0.11999999833170179,-2.4329348768072702e-08
100.86,0.11790166400384228,0.030600733277300052
100.952,0.11794058491076219,0.03003313671805126
101.068,0.11994908487764148,-0.0007425122010616302
101.164,0.11999752393090518,-3.6109340966106026e-05
101.264,0.11999990640448077,-1.3649346553546826e-06
101.352,0.11999999483722901,-7.52904101403631e-08
101.452,0.11895774187363187,0.015199597676201758
101.552,0.1179248408614034,0.03026273743786715
101.668,0.11994578730822604,-0.0007906017550369715
101.752,0.11999615273197364,-5.6105992051008533e-05
101.872,0.11999990034267227,-1.4533360293491326e-06
101.952,0.11999999292769943,-1.0313771654389204e-07
102.052,0.1179079985175106,0.030508354952970405
102.16,0.1179416954516014,0.030016941330812983
102.26,0.11996519087894116,-0.0005076330154413933
102.352,0.11999807991320986,-2.800126568948476e-05
102.468,0.11999994358566296,-8.227090817047411e-07
102.556,0.11999999688815977,-4.538100336506996e-08
102.668,0.11999999989629545,-1.51235782427314e-09
102.756,0.11999999999427961,-8.342233851401732e-11
102.864,0.11790166394099676,0.030600734193797125
102.952,0.1179405849072956,0.03003313676860565
103.056,0.1199588926885262,-0.0005994816256593481
103.156,0.11999823752402056,-2.570277470014455e-05
103.264,0.11999994126409422,-8.565652925429405e-07
103.352,0.119999996760101,-4.724852719839534e-08
103.468,0.1199999999160756,-1.2238975624685714e-09
103.56,0.11999999999474917,-7.657459471877274e-11
103.652,0.11999999999971037,-4.2238891217912125e-12
103.752,0.11999999999998757,-1.810992460967982e-13
103.86,0.11894816639617645,0.01533924005576009
103.952,0.11897014541936805,0.015018712634215869
104.052,0.11998637545249652,-0.00019869131775913365
104.148,0.1199993374204079,-9.662619051527162e-06
104.256,0.11999998053265684,-2.8389875425273767e-07
104.352,0.1199999990532776,-1.3806368302780197e-08
104.444,0.11999999994777835,-7.615654917891405e-10
104.544,0.11895399910938186,0.01525417965484788
104.648,0.11998006223338335,-0.00029075909649277864
104.76,0.11999933555816078,-9.68977682185641e-06
104.856,0.11999996768732299,-4.712265396388315e-07
104.944,0.11999999821761818,-2.5993068092488578e-08
105.04,0.11999999992358037,-1.1144527944654477e-09
105.144,0.1199999999967235,-4.778216356270607e-11
105.248,0.1199999999998908,-1.5923783866881024e-12
105.348,0.11895774162256487,0.015199601337595587
105.448,0.11998315736364681,-0.0002456217801505892
105.544,0.1199991809205317,-1.1944908912578788e-05
105.656,0.11999997593451223,-3.509550300865453e-07
105.752,0.1199999988296638,-1.706740283465483e-08
105.836,0.1199999999169457,-1.2112085024750852e-09
105.952,0.11999999999755977,-3.558668546895202e-11
106.036,0.1199999999998654,-1.9629775930901714e-12
106.14,0.11999999999999422,-8.416266430374109e-14
106.236,0.11999999999999968,-4.642450456566192e-15
106.34,0.11999999999999998,-1.547133326979816e-16
106.444,0.12,-5.8481706892161675e-18
106.54,0.12,-2.8440420122788794e-19
106.644,0.12,-1.0750491147118633e-20
106.744,0.12,-4.609273079327113e-22
106.836,0.12,-2.542495783443163e-23
106.94,0.12,-9.610645093667472e-25
107.04,0.12,-3.632828015602467e-26
107.148,0.11895083197039026,-0.015300367098475246
107.24,0.11897029245364184,-0.015016568384389795
107.344,0.11997677568677115,0.00033868790125411686
107.436,0.11999854694344718,2.119040806190976e-05
107.54,0.11999994507439925,8.009983442222583e-07
107.644,0.11895083404658036,-0.015300336820703078
107.74,0.1189704270327081,-0.015014605773006742
107.844,0.11997944125716878,0.00029981499962182653
107.952,0.11999931486363737,9.991571955007144e-06
108.052,0.11895777494163835,-0.015199115434440736
108.152,0.11897091246363005,-0.015007526572061763
108.244,0.11999074353473424,0.00013499011845885523
108.34,0.11999954984596893,6.5647462863458855e-06
108.448,0.1199999867739618,1.928797236795053e-07
108.548,0.11895774226575911,-0.015199591957679408
108.644,0.11792850461101552,-0.030209307756023637
108.744,0.11996575643623127,0.0004993853049604867
108.844,0.11999853180720342,2.1411144950180868e-05
108.948,0.11999994450224857,8.09342208176995e-07
109.04,0.11999999693871903,4.464368060295073e-08
109.16,0.11999999993008857,1.019541602799806e-09
109.252,0.11999999999614365,5.6238373850954645e-11
109.34,0.1189673009896633,-0.015060193900743486
109.448,0.11897129101650215,-0.015002006009343392
109.544,0.11999072265358739,0.00013529463518399015
109.644,0.11999964931590305,5.114143080582272e-06
109.756,0.11999998969650177,1.502593491376538e-07
109.848,0.11999999949892738,7.307308975662691e-09
109.94,0.11896730102077223,-0.0150601934470717
110.052,0.11897130729928866,-0.01500176855204026
110.144,0.11999072175542154,0.0001353077334357442
110.244,0.11999960219526369,5.801319071057532e-06
110.344,0.11999998294412192,2.487315551715917e-07
110.448,0.11999999926872922,1.0664365427981993e-08
110.54,0.11999999996443733,5.186220601837521e-10
110.644,0.1189539991086676,-0.01525417966526408
110.74,0.11998331782393015,0.0002432817343518026
110.84,0.119999284751701,1.0430704360333536e-05
110.944,0.11999997296358327,3.942810774237667e-07
111.04,0.11895774293737592,-0.015199582163267757
111.14,0.1199831573072743,0.00024562260224989495
111.244,0.11999927786954939,1.0531069071464244e-05
111.404,0.11999997270343762,3.9807486785947564e-07
111.452,0.11999999909032047,1.326615976757274e-08
111.54,0.1189673010463372,-0.01506019307424917
111.652,0.11998274750335257,0.0002515989094415669
111.74,0.11999926029920623,1.0787303242307179e-05
111.848,0.11999997534888608,3.594954111100034e-07
111.944,0.11999999880118403,1.748273275100581e-08
112.04,0.1199999999417,8.502081945896255e-10
112.14,0.11999999999750038,3.645267634303019e-11
112.248,0.11999999999991669,1.2148142657751725e-12
112.34,0.1199999999999954,6.700970186064301e-14
112.448,0.11999999999999983,2.532969637978971e-15
112.54,0.11895399910714285,-0.015254179687499892
112.636,0.11999167648309318,0.00012138462155767977
112.74,0.11999968537069974,4.588343961932383e-06
112.848,0.1199999881069988,1.7343960085584154e-07
112.944,0.11999999949008756,7.436222886694205e-09
113.036,0.11999999997520229,3.616332598059419e-10
113.136,0.11999999999879406,1.758669913349113e-11
113.24,0.11999999999995441,6.647779903579569e-13
113.34,0.11999999999999804,2.8502356336597403e-14
113.448,0.11999999999999993,9.498635644766939e-16
113.536,0.12,5.942933438091513e-17
113.644,0.12,2.2464314183222862e-18
113.744,0.12,9.631574706056802e-20
113.84,0.12,4.129537655221853e-21
113.956,0.12,1.0696907120778688e-22
114.04,0.12,7.591187118737422e-24
114.144,0.12,2.8694720248072515e-25
114.248,0.12,1.230286130636109e-26
114.34,0.12,5.983042610410002e-28
114.436,0.12,2.565229519213288e-29
114.536,0.12,1.2475047175407217e-30
114.648,0.12,3.6653109611958574e-32
114.74,0.12,2.021802028967422e-33
114.84,0.12,8.668476199197821e-35
114.94,0.12,3.7166091704060656e-36
115.044,0.12,1.4048798791032915e-37
115.14,0.12,6.832114879517235e-39
115.244,0.12,2.2768563117147603e-40
115.348,0.12,1.1072650492879211e-41
115.44,0.12,4.747398898821961e-43
115.548,0.12,1.7945188437188847e-44
115.64,0.12,9.898646738740487e-46
115.752,0.12,3.2988023038231685e-47
115.852,0.11895083197039026,0.015300367098475246
115.944,0.11999185118378243,-0.00011883690317276399
116.048,0.11999969197439339,-4.492040096433427e-06
116.144,0.11999998502031126,-2.1845379408394538e-07
116.236,0.11999999917371362,-1.2050009638757941e-08
116.344,0.11999999997246334,-4.015761003153446e-10
116.452,0.1199999999989591,-1.5179594016880538e-11
116.544,0.11999999999994937,-7.382035410312493e-13
116.644,0.11999999999999783,-3.1650476821714815e-14
116.74,0.11999999999999988,-1.539204147300301e-15
116.844,0.12,-5.818198355621758e-17
116.944,0.12,-2.4945525449728284e-18
117.052,0.12,-8.313293624428692e-20
117.136,0.12,-5.899627505735606e-21
117.244,0.12,-1.9660975203258418e-22
117.344,0.12,-8.429643118397046e-24
117.448,0.12,-3.186408756496622e-25
117.54,0.12,-1.7576374166361447e-26
117.636,0.12,-8.547620992807415e-28
117.752,0.12,-2.214124570290834e-29
117.844,0.12,-1.2213210818926271e-30
117.952,0.12,-4.616598989040731e-32
118.04,0.12,-2.2451125619310255e-33
118.144,0.12,-9.625920109279271e-35
118.248,0.12,-4.1271132468534873e-36
118.344,0.12,-1.7694998045884325e-37
118.448,0.11895083197039026,0.015300367098475246
118.544,0.1199873146908193,-0.00018499409221856152
118.644,0.11999945611736888,-7.931621703870824e-06
118.744,0.11999997668103218,-3.4006828055346155e-07
118.84,0.11999999886596804,-1.653796594413552e-08
118.952,0.11999999996668084,-4.859042775439046e-10
119.044,0.11999999999837964,-2.3630161510660396e-11
119.148,0.11999999999993052,-1.0131431747695644e-12
119.244,0.11999999999999661,-4.92704797213168e-14
119.34,0.11999999999999983,-2.396087969028498e-15
119.452,0.12,-7.039979387158504e-17
119.544,0.11896214363742427,0.015135405287562558
119.644,0.11998296862725971,-0.0002483741857957554
119.744,0.11999917174203396,-1.2078762004522918e-05
119.836,0.1199999644884397,-5.1787692094392e-07
119.948,0.11999999881654916,-1.725865792563911e-08
120.044,0.11999999994244723,-8.393111423128841e-10
120.156,0.11894593763155667,0.015371742873131795
120.248,0.11999212115771614,-0.00011489978330633246
120.344,0.11999961684157912,-5.587726971230852e-06
120.448,0.1199999835720827,-2.3957379389152273e-07
120.544,0.11895399981148981,0.015254169415773587
120.648,0.11998006220684364,-0.0002907594835302312
120.752,0.11999924635055356,-1.0990721093911983e-05
120.844,0.1199999584283572,-6.062531240251541e-07
120.944,0.11895400088952704,0.015254153694397308
121.04,0.11998716058213064,-0.0001872415105945407
121.144,0.11999957211624614,-6.239971410467714e-06
121.252,0.11895084814441473,0.01530013122728517
121.356,0.11998018133999583,-0.00028902212506074474
121.448,0.11999890679379097,-1.5942590548269307e-05
121.544,0.1189577947866095,0.015198826028611213
121.656,0.1199771921814081,-0.0003326140211317569
121.748,0.11999889082590555,-1.617545554400568e-05
121.844,0.1189577955631487,0.015198814704081437
121.948,0.11897091324312403,0.015007515204441131
122.044,0.11998633811222147,-0.00019923586343676954
122.14,0.1199993356045014,-9.689101021139594e-06
122.24,0.11895402759309985,0.01525376426729372
122.34,0.11897058233905863,0.01501234088872832
122.444,0.11997676602611038,-0.0003388287858901237
122.54,0.11999887010141519,-1.6477687695023734e-05
122.636,0.11790804665868754,0.030507652894140078
122.732,0.11897879334345292,0.014892597074644891
122.836,0.1199791250102596,-0.0003044269337140361
122.94,0.11999921092448201,-1.1507351303909992e-05
123.036,0.1179155216188952,0.030398643057778483
123.14,0.11794182385886526,0.030015068724881716
123.244,0.11995884585610311,-0.000600164598496111
123.34,0.11999799862007382,-2.9186790589968245e-05
123.444,0.11999991419083567,-1.2513836465448884e-06
123.54,0.11895400278621077,0.015254126034426156
123.632,0.11998716048989244,-0.00018724285573517012
123.74,0.11999951466596082,-7.0777880715243564e-06
123.84,0.11999997919130306,-3.0346016356660676e-07
123.94,0.11999999910782712,-1.3010854512918263e-08
124.04,0.1199999999617481,-5.578403872413704e-10
124.152,0.1199999999988761,-1.638998600329376e-11
124.244,0.119999999999938,-9.040790074028393e-13
124.344,0.11790799821428305,-0.030508359375038763
124.44,0.11794116190749832,-0.03002472218231612
124.536,0.1199727085437781,0.0003980004032360432
124.64,0.11895186358861967,-0.015285322665963117
124.744,0.1179245888299335,-0.030266412896803166
124.84,0.11794207388894054,-0.030011422452950437
124.944,0.11996517465344024,0.0005078696373297502
125.048,0.11999883941778614,1.6925157285473465e-05
125.144,0.11792435129308602,-0.03026987697582884
125.236,0.11794195717914167,-0.030013124470850673
125.34,0.11995884081659089,0.0006002380913828485
125.444,0.11999823530001133,2.5735208168039626e-05
125.536,0.11999991418032793,1.2515368841680856e-06
125.636,0.11999999632048156,5.365964390870667e-08
125.74,0.11999999986091404,2.0283368681176963e-09
125.836,0.11999999999323606,9.864067884711605e-11
125.944,0.11789633279212666,0.03067848011481953
126.052,0.11794130668207777,0.03002261088636596
126.136,0.11691606994991834,0.04497397989702408
126.24,0.1158651851288603,0.060299383537453705
126.336,0.115884715925925,0.0600145594135936
126.444,0.11378201380693688,0.09067896531550378
126.54,0.11382600328919987,0.09003745203250192
126.64,0.11277930632318202,0.10530178278692891
126.74,0.11175311186574928,0.12026711862448958
126.84,0.11177064324267257,0.120011452711025
126.936,0.10968687362498158,0.15039975963568528
127.036,0.1097131104209568,0.15001713969438
127.14,0.1097142465467061,0.15000057119386923
127.24,0.10867202543207458,0.16519962911557912
127.34,0.10763912648325734,0.18026273878583043
127.444,0.10765646183742822,0.180009931537505
127.54,0.10765710973826205,0.18000048298367832
127.64,0.1066111405443137,0.1952542003954252
127.74,0.10662782407940886,0.19501089884195386
127.836,0.10662853508400268,0.1950005300249608
127.936,0.10662857005474514,0.19500002003496653
128.036,0.10662857136176046,0.19500000097432668
128.136,0.1066285714257069,0.19500000004177426
128.236,0.1066285714284486,0.19500000000179107
128.34,0.10662857142856616,0.19500000000007678
128.436,0.1076708298060116,0.1798003986623307
128.54,0.1066034826251569,0.19536587838312863
128.64,0.1076696097046376,0.1798181918073684
128.74,0.10765767737322919,0.17999220497374094
128.844,0.10765716306187412,0.17999970534766918
128.948,0.10661114283056357,0.19525416705428134
129.048,0.10767382507028897,0.1797567177249523
129.136,0.10765806305553102,0.17998658044017243
129.236,0.10765718231064875,0.1799994246363724
129.332,0.10765714477581852,0.1799999720193131
129.444,0.10871120528365003,0.16462825628010383
129.54,0.10972497674321326,0.1498440891614733
129.636,0.10971474409215098,0.14999331532279817
129.748,0.10971429918194951,0.14999980359656942
129.856,0.1086624525592823,0.1653392335104665
129.94,0.10971074065233365,0.15005169882013414
130.048,0.10971416757229273,0.15000172290406422
130.152,0.10971428064894775,0.15000007386951175
130.3,0.10971428567705967,0.1500000005428798
130.364,0.1097142857086601,0.1500000000820401
130.456,0.11075214207655111,0.13486459471696283
130.56,0.11074316657061498,0.1349954875118648
130.668,0.11074286745478186,0.13499984961776446
130.76,0.11074285787465511,0.13499998932794616
130.86,0.11179202520012886,0.11969963249812066
130.964,0.11177220712488715,0.11998864609539558
131.08,0.11177144873861128,0.11999970589525231
131.172,0.11177142968385945,0.11999998377704969
131.268,0.11177142862552754,0.11999999921105667
131.368,0.11177142857374806,0.11999999996617405
131.484,0.11177142857148865,0.11999999999912378
131.58,0.11177142857143149,0.11999999999995738
131.688,0.11177142857142867,0.11999999999999857
131.772,0.11381076160485289,0.09025972659589522
131.88,0.11382804815566372,0.09000763106323739
131.976,0.11278628760368405,0.10519997244627431
132.088,0.1117455347440424,0.12037761831604833
132.172,0.11279626814787923,0.10505442284342796
132.264,0.11279979414935677,0.10500300198854694
132.364,0.1138459920670108,0.08974594902275895
132.468,0.11382922992946035,0.08999039686203665
132.56,0.11279075138920122,0.10513487557414876
132.672,0.1127997282652798,0.10500396279800286
132.76,0.11383268200917467,0.0899400540328695
132.88,0.1138286779065905,0.08999844719555505
132.964,0.11382857809049428,0.08999990284695819
133.072,0.1127767380467613,0.10533923681806417
133.164,0.11279871686018585,0.10501871245562311
133.268,0.1138459458782376,0.08974662260903483
133.372,0.1138291504458462,0.08999155599807616
133.448,0.11382862429337977,0.0899992290548783
133.544,0.11278631562201585,0.10519956384560189
133.66,0.11279964552806507,0.10500516938238441
133.752,0.11383783680974419,0.08986487985789723
133.856,0.11382892166038179,0.08999489245276546
133.944,0.1127958943306598,0.10505987434454446
134.052,0.11279986317532248,0.10500199535988036
134.148,0.1127999933460367,0.10500009703696474
134.26,0.11174593743436469,0.12037174574884828
134.348,0.11176983368836854,0.12002325871129203
134.44,0.11384705332211233,0.08973047238586179
134.552,0.11172098970738747,0.12073556676726589
134.656,0.1117692660051328,0.12003153742514652
134.756,0.11177134682632875,0.12000119211603899
134.856,0.11177142506660741,0.12000005111197518
134.952,0.11177142840098452,0.1200000024856423
135.052,0.11177142856412078,0.12000000010657191
135.148,0.11177142857107318,0.12000000000518272
135.252,0.11177142857141513,0.12000000000019591
135.348,0.11177142857142791,0.12000000000000952
135.448,0.11281742946428568,0.10474582031250042
135.552,0.11175149080489656,0.12029075909525853
135.652,0.1117705737396885,0.12001246629620921
135.752,0.11177139192051772,0.12000053449244996
135.852,0.11177142700002077,0.12000002291636379
135.952,0.11177142850405446,0.1200000009825391
136.064,0.11177142856918328,0.12000000003274389
136.152,0.11280928493388043,0.10486459471424361
136.256,0.11384639898439726,0.0897400148108732
136.344,0.11175384207942606,0.12025646967503661
136.452,0.11177084248767524,0.12000854705473588
136.548,0.11281365844684836,0.1048008143167947
136.648,0.11280058560590862,0.10499145991383256
136.74,0.11280003230228558,0.10499952892500189
136.856,0.11385591195268199,0.08960128402338748
136.948,0.1127922231816155,0.1051134119347739
137.056,0.11279970603592761,0.10500428697605556
137.148,0.11384224408158253,0.08980060714358812
137.248,0.11382915764356928,0.08999145103128134
137.36,0.1138285886522358,0.08999974882156107
137.452,0.11382857237863651,0.0899999861448842
137.548,0.11382857147477433,0.08999999932620756
137.648,0.11382857143055237,0.08999999997111115
137.748,0.1148745723215135,0.0747458203112614
137.848,0.11485789014542774,0.07498910204584533
137.948,0.11485717489712807,0.07499953275021562
138.06,0.1159112061686484,0.059628243373877385
138.152,0.11588712042945445,0.0599794937371226
138.244,0.11588579184923609,0.05999886886530689
138.344,0.11588571761125027,0.059999951502600034
138.464,0.11588571438342231,0.05999999857509114
138.544,0.11588571429182751,0.059999999910848895
138.66,0.1158857142858539,0.05999999999796402
138.744,0.11588571428572418,0.05999999999985551
138.856,0.1158857142857146,0.05999999999999518
138.944,0.1158857142857143,0.0599999999999997
139.044,0.11797771607142857,0.029491640624999985
139.152,0.11794417481186972,0.02998078399356656
139.252,0.11794290695080299,0.029999273634123004
139.352,0.11794285927837281,0.029999968857063023
139.452,0.11794285723441737,0.029999998664746577
139.544,0.11794285714790764,0.029999999926346818
139.656,0.11794285714300552,0.029999999997835983
139.752,0.11794285714286436,0.02999999999989476
139.848,0.11794285714285749,0.02999999999999488
139.944,0.11997262610226196,-0.00039920267534630273
140.048,0.11999896526547771,-1.5089878450064457e-05
140.148,0.11999994967950475,-7.33840555497143e-07
140.248,0.11999999809788309,-2.773920484018176e-08
140.352,0.11895083204229036,0.0153003660499321
140.46,0.11897074217580737,0.015010009936142365
140.552,0.11999591536314516,-5.9567620799530117e-05
140.652,0.11999984560054965,-2.2516586509463777e-06
140.756,0.11999999416369407,-8.51127947084577e-08
140.844,0.11999999963484463,-5.325182400916512e-09
140.948,0.1199999999861971,-2.0129212582191381e-10
141.052,0.11999999999947825,-7.608851090421162e-12
141.148,0.11999999999997121,-4.1970765197246406e-13
141.248,0.1199999999999989,-1.5864967456273576e-14
141.344,0.11999999999999994,-7.715341491704438e-16
141.452,0.12,-2.916402431661139e-17
141.54,0.12,-1.6087007121748378e-18
141.66,0.12,-3.673839791801392e-20
141.748,0.12,-2.298581202755816e-21
141.848,0.11895399910714285,0.015254179687500001
141.952,0.11998006223346798,-0.000290759095258527
142.044,0.11999890022382127,-1.6038402606436028e-05
142.152,0.11999996334908915,-5.344924499698499e-07
